ImageId,Label
0003,dog
0010,dog
0011,dog
0012,dog
0018,dog
0019,dog
0022,dog
0024,dog
0027,dog
0029,dog
0032,dog
0033,dog
0038,dog
0042,dog
0046,dog
0051,dog
0052,dog
0072,dog
0073,dog
0100,dog
0102,dog
0103,dog
0107,dog
0112,dog
0121,dog
0122,dog
0130,dog
0133,dog
0136,dog
0137,dog
0139,dog
0140,dog
0144,dog
0148,dog
0149,dog
0150,dog
0151,dog
0162,dog
0163,dog
0177,dog
0181,dog
0185,dog
0188,dog
0197,dog
0198,dog
0202,dog
0210,dog
0211,dog
0212,dog
0213,dog
0231,dog
0232,dog
0248,dog
0249,dog
0255,dog
0264,dog
0266,dog
0275,dog
0280,dog
0286,dog
0288,dog
0291,dog
0292,dog
0293,dog
0299,dog
0301,dog
0309,dog
0311,dog
0314,dog
0318,dog
0333,dog
0359,dog
0361,dog
0362,dog
0370,dog
0372,dog
0379,dog
0386,dog
0389,dog
0393,dog
0397,dog
0402,dog
0407,dog
0411,dog
0433,dog
0434,dog
0444,dog
0448,dog
0450,dog
0452,dog
0457,dog
0460,dog
0476,dog
0477,dog
0486,dog
0493,dog
0497,dog
0504,dog
0507,dog
0510,dog
0522,dog
0523,dog
0530,dog
0541,dog
0555,dog
0557,dog
0567,dog
0568,dog
0573,dog
0574,dog
0588,dog
0590,dog
0602,dog
0603,dog
0609,dog
0610,dog
0622,dog
0627,dog
0634,dog
0637,dog
0638,dog
0641,dog
0643,dog
0644,dog
0647,dog
0652,dog
0653,dog
0658,dog
0665,dog
0683,dog
0688,dog
0691,dog
0692,dog
0703,dog
0704,dog
0705,dog
0714,dog
0717,dog
0718,dog
0728,dog
0737,dog
0743,dog
0746,dog
0747,dog
0749,dog
0752,dog
0756,dog
0767,dog
0769,dog
0770,dog
0778,dog
0789,dog
0791,dog
0840,dog
0847,dog
0849,dog
0855,dog
0856,dog
0869,dog
0877,dog
0902,dog
0903,dog
0911,dog
0932,dog
0936,dog
0940,dog
0941,dog
0942,dog
0947,dog
0955,dog
0959,dog
0965,dog
0966,dog
0969,dog
0974,dog
0985,dog
0986,dog
0988,dog
0989,dog
0994,dog
0995,dog
0996,dog
10005,dog
10006,dog
10011,dog
10012,dog
10021,dog
10028,dog
10032,dog
10036,dog
10038,dog
10047,dog
10052,dog
10056,dog
10057,dog
10062,dog
10066,dog
10075,dog
1008,dog
10081,dog
10084,dog
10085,dog
10088,dog
10093,dog
10099,dog
1010,dog
10109,dog
10118,dog
10126,dog
10130,dog
10135,dog
1014,dog
10145,dog
1015,dog
10150,dog
10154,dog
10158,dog
10159,dog
10165,dog
10171,dog
10180,dog
10191,dog
10195,dog
10200,dog
10202,dog
10205,dog
10208,dog
10209,dog
10212,dog
10217,dog
10218,dog
1022,dog
10247,dog
10248,dog
10253,dog
10257,dog
10258,dog
1026,dog
10260,dog
10273,dog
10278,dog
1028,dog
10285,dog
10287,dog
1029,dog
10291,dog
10294,dog
10311,dog
10313,dog
10315,dog
10327,dog
10328,dog
1033,dog
10339,dog
10342,dog
10345,dog
10346,dog
10379,dog
10381,dog
10384,dog
10391,dog
10404,dog
10406,dog
10407,dog
10409,dog
10411,dog
10412,dog
10426,dog
10427,dog
10432,dog
10440,dog
10444,dog
10445,dog
10449,dog
10453,dog
10456,dog
10458,dog
10470,dog
10473,dog
10475,dog
1048,dog
10480,dog
10481,dog
10492,dog
10496,dog
10501,dog
1051,dog
10511,dog
10512,dog
10513,dog
10516,dog
10521,dog
10522,dog
10524,dog
1053,dog
10536,dog
10543,dog
10544,dog
10550,dog
10554,dog
10557,dog
10558,dog
10561,dog
10562,dog
10573,dog
10574,dog
10576,dog
10578,dog
10579,dog
10581,dog
10604,dog
10607,dog
1061,dog
10610,dog
10612,dog
10615,dog
10622,dog
1063,dog
10630,dog
10637,dog
10638,dog
10641,dog
10642,dog
10647,dog
10649,dog
10650,dog
10662,dog
10664,dog
10666,dog
10673,dog
10676,dog
1068,dog
10686,dog
10688,dog
10690,dog
10691,dog
10695,dog
10697,dog
10699,dog
10700,dog
10705,dog
1071,dog
10717,dog
10719,dog
10722,dog
10726,dog
10731,dog
10735,dog
10738,dog
10740,dog
10742,dog
10746,dog
10751,dog
10753,dog
10754,dog
10756,dog
10758,dog
10759,dog
1076,dog
10761,dog
10764,dog
10766,dog
10770,dog
10772,dog
10774,dog
10777,dog
10779,dog
1079,dog
10793,dog
10803,dog
10810,dog
10811,dog
10813,dog
10815,dog
10816,dog
10818,dog
10819,dog
10826,dog
10831,dog
10834,dog
10839,dog
10848,dog
10849,dog
10862,dog
10863,dog
10864,dog
10866,dog
10872,dog
10875,dog
10876,dog
10877,dog
10878,dog
1088,dog
10881,dog
10885,dog
10899,dog
10901,dog
10907,dog
10920,dog
10923,dog
10924,dog
1093,dog
10936,dog
10938,dog
10939,dog
10949,dog
1095,dog
10950,dog
10951,dog
10953,dog
10954,dog
10957,dog
10959,dog
10962,dog
10970,dog
10977,dog
10979,dog
1098,dog
10985,dog
10989,dog
11013,dog
11015,dog
11019,dog
1102,dog
11022,dog
11025,dog
11029,dog
11036,dog
11038,dog
1104,dog
11050,dog
11053,dog
1106,dog
11063,dog
11072,dog
11074,dog
11081,dog
11090,dog
11105,dog
11111,dog
11115,dog
11116,dog
11121,dog
11127,dog
11130,dog
11131,dog
11139,dog
11141,dog
11142,dog
11143,dog
11145,dog
11152,dog
11163,dog
11167,dog
1117,dog
11172,dog
11175,dog
11181,dog
1119,dog
11197,dog
11200,dog
11206,dog
11208,dog
11209,dog
1121,dog
11212,dog
11214,dog
11224,dog
1123,dog
11231,dog
11242,dog
11245,dog
11246,dog
11249,dog
11261,dog
11263,dog
11264,dog
11267,dog
11270,dog
11282,dog
11285,dog
1129,dog
11294,dog
11306,dog
11307,dog
11309,dog
1131,dog
11318,dog
11321,dog
11323,dog
11327,dog
11328,dog
11338,dog
11339,dog
1134,dog
11344,dog
11346,dog
11353,dog
11359,dog
11360,dog
11371,dog
11373,dog
11375,dog
11386,dog
1139,dog
11393,dog
11394,dog
11396,dog
11398,dog
11407,dog
11419,dog
11430,dog
11431,dog
11434,dog
11447,dog
11450,dog
11451,dog
11452,dog
11454,dog
11465,dog
11475,dog
11497,dog
11499,dog
11510,dog
11511,dog
11523,dog
11525,dog
11528,dog
11533,dog
11538,dog
11539,dog
1154,dog
11540,dog
11542,dog
11546,dog
11549,dog
11553,dog
1156,dog
11573,dog
11583,dog
11591,dog
11614,dog
11622,dog
11625,dog
11626,dog
11641,dog
11642,dog
11652,dog
11654,dog
11655,dog
11661,dog
11667,dog
11669,dog
1167,dog
11674,dog
11691,dog
11692,dog
11695,dog
11697,dog
11700,dog
11701,dog
11711,dog
11714,dog
11720,dog
11726,dog
11728,dog
1173,dog
11734,dog
11737,dog
11742,dog
11758,dog
1176,dog
11763,dog
11776,dog
11781,dog
11784,dog
11789,dog
1179,dog
11790,dog
11793,dog
11809,dog
1181,dog
11811,dog
11814,dog
1182,dog
11825,dog
11832,dog
11843,dog
11850,dog
11855,dog
11858,dog
11859,dog
11860,dog
11863,dog
11869,dog
11873,dog
1188,dog
11881,dog
11895,dog
11899,dog
11900,dog
11901,dog
11906,dog
11908,dog
11909,dog
11916,dog
11917,dog
11922,dog
11924,dog
11925,dog
11933,dog
11935,dog
11937,dog
11942,dog
11945,dog
11948,dog
11967,dog
11968,dog
11969,dog
11971,dog
11975,dog
11978,dog
11984,dog
11987,dog
11990,dog
11991,dog
11999,dog
1200,dog
12002,dog
12006,dog
1201,dog
12010,dog
12018,dog
12019,dog
12021,dog
12022,dog
12038,dog
12041,dog
12048,dog
1205,dog
12053,dog
12055,dog
12059,dog
1206,dog
12065,dog
12066,dog
12073,dog
12081,dog
12082,dog
12084,dog
12087,dog
12088,dog
1209,dog
12092,dog
12096,dog
12097,dog
12098,dog
12099,dog
12100,dog
12104,dog
12106,dog
12125,dog
12129,dog
12132,dog
12133,dog
12140,dog
12148,dog
12152,dog
12160,dog
12170,dog
12172,dog
12173,dog
12174,dog
12175,dog
12180,dog
12186,dog
12190,dog
12191,dog
12201,dog
12214,dog
12216,dog
12218,dog
12220,dog
12221,dog
12224,dog
12228,dog
12246,dog
12260,dog
12268,dog
12281,dog
12284,dog
12290,dog
12293,dog
12295,dog
12303,dog
12308,dog
1231,dog
12318,dog
12322,dog
12323,dog
12326,dog
12328,dog
12335,dog
12337,dog
12341,dog
12342,dog
12343,dog
12350,dog
12353,dog
12356,dog
12360,dog
12365,dog
12369,dog
12373,dog
12375,dog
1238,dog
12380,dog
12388,dog
12389,dog
1239,dog
12394,dog
12399,dog
1240,dog
12404,dog
12406,dog
12407,dog
1241,dog
12414,dog
12415,dog
1242,dog
12430,dog
12432,dog
12439,dog
12442,dog
12451,dog
12459,dog
1246,dog
12473,dog
1248,dog
12481,dog
12484,dog
12494,dog
12496,dog
12499,dog
12500,dog
12501,dog
12503,dog
12504,dog
12505,dog
12507,dog
12510,dog
12511,dog
12512,dog
12514,dog
12521,dog
12524,dog
12530,dog
12532,dog
12534,dog
12537,dog
12538,dog
12547,dog
12553,dog
12560,dog
12561,dog
12563,dog
12573,dog
12574,dog
12576,dog
12580,dog
12594,dog
12597,dog
12598,dog
1260,dog
12607,dog
12610,dog
12614,dog
12615,dog
12619,dog
12623,dog
12627,dog
12628,dog
12632,dog
12634,dog
12643,dog
12647,dog
12649,dog
12652,dog
12656,dog
12658,dog
12661,dog
12662,dog
12664,dog
12681,dog
12687,dog
12697,dog
12700,dog
12703,dog
12704,dog
12714,dog
12715,dog
12716,dog
12719,dog
12738,dog
12739,dog
12745,dog
12746,dog
12747,dog
12749,dog
12752,dog
12753,dog
12762,dog
1277,dog
12774,dog
12777,dog
12778,dog
1278,dog
12780,dog
12791,dog
12798,dog
12808,dog
12811,dog
12813,dog
12825,dog
12826,dog
1283,dog
12843,dog
12847,dog
12849,dog
12857,dog
12858,dog
12859,dog
12864,dog
12866,dog
12869,dog
1288,dog
12886,dog
12887,dog
1289,dog
12902,dog
12903,dog
12904,dog
12906,dog
12907,dog
12908,dog
12910,dog
12912,dog
12913,dog
12916,dog
1292,dog
1293,dog
12931,dog
12938,dog
12940,dog
12949,dog
12951,dog
1296,dog
12964,dog
12967,dog
12969,dog
12975,dog
12984,dog
12992,dog
1300,dog
13003,dog
13004,dog
13018,dog
1302,dog
13023,dog
13025,dog
13026,dog
13027,dog
13029,dog
13030,dog
13032,dog
13061,dog
13075,dog
13092,dog
13094,dog
13103,dog
13105,dog
13109,dog
1312,dog
13126,dog
13128,dog
13134,dog
13143,dog
1316,dog
13160,dog
13173,dog
13178,dog
13182,dog
13183,dog
1319,dog
13200,dog
13207,dog
13214,dog
13224,dog
1323,dog
13236,dog
13242,dog
13245,dog
13247,dog
13249,dog
13260,dog
13267,dog
1327,dog
13273,dog
13279,dog
13280,dog
13282,dog
13286,dog
1329,dog
13297,dog
13299,dog
13301,dog
13305,dog
13307,dog
13309,dog
13313,dog
13317,dog
13321,dog
13333,dog
13335,dog
13338,dog
13341,dog
13344,dog
13346,dog
13353,dog
13355,dog
13360,dog
13369,dog
13370,dog
13371,dog
13374,dog
1338,dog
13380,dog
13391,dog
13395,dog
13403,dog
13405,dog
13406,dog
13413,dog
13417,dog
13422,dog
13424,dog
13426,dog
13429,dog
13430,dog
13432,dog
13434,dog
13451,dog
13461,dog
13470,dog
13471,dog
1348,dog
13482,dog
1349,dog
13494,dog
13497,dog
13505,dog
13511,dog
13513,dog
13514,dog
13519,dog
13520,dog
13524,dog
13529,dog
13532,dog
13536,dog
13539,dog
13543,dog
13544,dog
13546,dog
13549,dog
13551,dog
13560,dog
13563,dog
13564,dog
13566,dog
1357,dog
13573,dog
13580,dog
13587,dog
13594,dog
13595,dog
13609,dog
1361,dog
13621,dog
13623,dog
13626,dog
13629,dog
13633,dog
13640,dog
13651,dog
13653,dog
1366,dog
13661,dog
13664,dog
13671,dog
13672,dog
13678,dog
13680,dog
13684,dog
13685,dog
1370,dog
13706,dog
13713,dog
1372,dog
13727,dog
13735,dog
13748,dog
1375,dog
13758,dog
13768,dog
13775,dog
13776,dog
13783,dog
13787,dog
13796,dog
13799,dog
13807,dog
13808,dog
13819,dog
13834,dog
1384,dog
13841,dog
13847,dog
1385,dog
13850,dog
13852,dog
13853,dog
13861,dog
13868,dog
13878,dog
13881,dog
13883,dog
13887,dog
13898,dog
13906,dog
13909,dog
13917,dog
13920,dog
13927,dog
13929,dog
1393,dog
13932,dog
13936,dog
13937,dog
13939,dog
13946,dog
13948,dog
13949,dog
13960,dog
13963,dog
13964,dog
13966,dog
13970,dog
13973,dog
13974,dog
13977,dog
13979,dog
1398,dog
13980,dog
13987,dog
13988,dog
13991,dog
13995,dog
14005,dog
14006,dog
14021,dog
14028,dog
14029,dog
14037,dog
14038,dog
14039,dog
14043,dog
14044,dog
14052,dog
14054,dog
14059,dog
1406,dog
14063,dog
14064,dog
14067,dog
14072,dog
14081,dog
14084,dog
14088,dog
14096,dog
1410,dog
14102,dog
14108,dog
14114,dog
14118,dog
14122,dog
14128,dog
14138,dog
14148,dog
1415,dog
1416,dog
14169,dog
14171,dog
14183,dog
14189,dog
14190,dog
14193,dog
14199,dog
14201,dog
14202,dog
14209,dog
14211,dog
14216,dog
14232,dog
14234,dog
14241,dog
14243,dog
14244,dog
14253,dog
14262,dog
14263,dog
14268,dog
14272,dog
14277,dog
1428,dog
14280,dog
14281,dog
14284,dog
14287,dog
14292,dog
14293,dog
14295,dog
14307,dog
14311,dog
14313,dog
14319,dog
14329,dog
14330,dog
14332,dog
14335,dog
14342,dog
14345,dog
14347,dog
14348,dog
14353,dog
14354,dog
14360,dog
14361,dog
14364,dog
14367,dog
14370,dog
14371,dog
14373,dog
14375,dog
14382,dog
14383,dog
14385,dog
14391,dog
14392,dog
14393,dog
1440,dog
1441,dog
14410,dog
14441,dog
14443,dog
14444,dog
14451,dog
14469,dog
14471,dog
14476,dog
14480,dog
1449,dog
14493,dog
14506,dog
14508,dog
14511,dog
14512,dog
14513,dog
14523,dog
14524,dog
14525,dog
14537,dog
14538,dog
14540,dog
14543,dog
14550,dog
14552,dog
14556,dog
14565,dog
14570,dog
14580,dog
14581,dog
14588,dog
14598,dog
14599,dog
1460,dog
14601,dog
14603,dog
14607,dog
14624,dog
14627,dog
14628,dog
14637,dog
14641,dog
14646,dog
14648,dog
14652,dog
14655,dog
1466,dog
14668,dog
14678,dog
14684,dog
14686,dog
14698,dog
14699,dog
1470,dog
14701,dog
14704,dog
14706,dog
14714,dog
14716,dog
1472,dog
14724,dog
14729,dog
14730,dog
14734,dog
14736,dog
14737,dog
14741,dog
14744,dog
14745,dog
14752,dog
14764,dog
14766,dog
14771,dog
14774,dog
14776,dog
1478,dog
14782,dog
14787,dog
14789,dog
14790,dog
14791,dog
14801,dog
14802,dog
14808,dog
14809,dog
1481,dog
14810,dog
14811,dog
14813,dog
14852,dog
14853,dog
14856,dog
14861,dog
14864,dog
14867,dog
14876,dog
14877,dog
1488,dog
14884,dog
14887,dog
14889,dog
14902,dog
14911,dog
14913,dog
14914,dog
14915,dog
14931,dog
14949,dog
14958,dog
1496,dog
14962,dog
14966,dog
14969,dog
14973,dog
14975,dog
14978,dog
1498,dog
14980,dog
14984,dog
14990,dog
15000,dog
1501,dog
15016,dog
15017,dog
15021,dog
15027,dog
15031,dog
15037,dog
15038,dog
15039,dog
15042,dog
15049,dog
15057,dog
15061,dog
15063,dog
1507,dog
15083,dog
15088,dog
15092,dog
15096,dog
15100,dog
15101,dog
15108,dog
15114,dog
15116,dog
15117,dog
15118,dog
15120,dog
1513,dog
15131,dog
15134,dog
15136,dog
15143,dog
1515,dog
15156,dog
15162,dog
15165,dog
15167,dog
1517,dog
15174,dog
15176,dog
15181,dog
1519,dog
15191,dog
15192,dog
15196,dog
15202,dog
15205,dog
1521,dog
15215,dog
1522,dog
15232,dog
15236,dog
15237,dog
15238,dog
15243,dog
15245,dog
15257,dog
1526,dog
15261,dog
15263,dog
15266,dog
15268,dog
15270,dog
15277,dog
15279,dog
15283,dog
15287,dog
15292,dog
15294,dog
15295,dog
15298,dog
15301,dog
15306,dog
15314,dog
15320,dog
15327,dog
15331,dog
15340,dog
15348,dog
15355,dog
15358,dog
15362,dog
15366,dog
15370,dog
15375,dog
15376,dog
15388,dog
15389,dog
15391,dog
15394,dog
15395,dog
15397,dog
15400,dog
15409,dog
15427,dog
15428,dog
15429,dog
15432,dog
15438,dog
15439,dog
15446,dog
15456,dog
15466,dog
15471,dog
15474,dog
15476,dog
1548,dog
15487,dog
15491,dog
15498,dog
15505,dog
15510,dog
15513,dog
15516,dog
15521,dog
15524,dog
15525,dog
15533,dog
15539,dog
15543,dog
15544,dog
15548,dog
15551,dog
15552,dog
15554,dog
15556,dog
15557,dog
15559,dog
15561,dog
15563,dog
15576,dog
15579,dog
15582,dog
15593,dog
15594,dog
15595,dog
15611,dog
15614,dog
15616,dog
15617,dog
1562,dog
15622,dog
15624,dog
15628,dog
15631,dog
15637,dog
1564,dog
15641,dog
15661,dog
15667,dog
15680,dog
15683,dog
15685,dog
15694,dog
1570,dog
15700,dog
15703,dog
15706,dog
15710,dog
15713,dog
15718,dog
15719,dog
15724,dog
15727,dog
1574,dog
15746,dog
15748,dog
15749,dog
15751,dog
15752,dog
15755,dog
15759,dog
15764,dog
15770,dog
15771,dog
15772,dog
15775,dog
15781,dog
1579,dog
15793,dog
15794,dog
15797,dog
15800,dog
1581,dog
15817,dog
1582,dog
15821,dog
15827,dog
15832,dog
15833,dog
15839,dog
15841,dog
15845,dog
15847,dog
15858,dog
15861,dog
15863,dog
15865,dog
15868,dog
15870,dog
15872,dog
15874,dog
15877,dog
15880,dog
15883,dog
15892,dog
15900,dog
15901,dog
15909,dog
15919,dog
1592,dog
15923,dog
15924,dog
15928,dog
15929,dog
15935,dog
15943,dog
15949,dog
1595,dog
15954,dog
15958,dog
15964,dog
15972,dog
15973,dog
15976,dog
1598,dog
15980,dog
15984,dog
15986,dog
15988,dog
15991,dog
15999,dog
16006,dog
16014,dog
16029,dog
1603,dog
16032,dog
16034,dog
16037,dog
16040,dog
16046,dog
16050,dog
1606,dog
16065,dog
16073,dog
16088,dog
16091,dog
16092,dog
16093,dog
16099,dog
16100,dog
16107,dog
16108,dog
16110,dog
16129,dog
16136,dog
1614,dog
16151,dog
16154,dog
16157,dog
16180,dog
16183,dog
16188,dog
16189,dog
16191,dog
16199,dog
16206,dog
16207,dog
16210,dog
16212,dog
16217,dog
16218,dog
1623,dog
16232,dog
1625,dog
16259,dog
16263,dog
16283,dog
16287,dog
16292,dog
16303,dog
16304,dog
16313,dog
16317,dog
16329,dog
16333,dog
16336,dog
16338,dog
16343,dog
16346,dog
16347,dog
16352,dog
16365,dog
1637,dog
16372,dog
16377,dog
16382,dog
16385,dog
16390,dog
16401,dog
16404,dog
16407,dog
16408,dog
1642,dog
16447,dog
16450,dog
1646,dog
16462,dog
16467,dog
16469,dog
16481,dog
16482,dog
16488,dog
16489,dog
16500,dog
16510,dog
16513,dog
16522,dog
16534,dog
16540,dog
16541,dog
16545,dog
16547,dog
16554,dog
16557,dog
16558,dog
1656,dog
16562,dog
16566,dog
1657,dog
16578,dog
16580,dog
16591,dog
16593,dog
1660,dog
16603,dog
16604,dog
16606,dog
16607,dog
16608,dog
16615,dog
16616,dog
16617,dog
16622,dog
16632,dog
16639,dog
16641,dog
16645,dog
16648,dog
16653,dog
1666,dog
16667,dog
16669,dog
16670,dog
16672,dog
16673,dog
16674,dog
16675,dog
16685,dog
16687,dog
16692,dog
1670,dog
16701,dog
16702,dog
16704,dog
16709,dog
1671,dog
16710,dog
16714,dog
16716,dog
16719,dog
1672,dog
16720,dog
16732,dog
1674,dog
16743,dog
16746,dog
16752,dog
1676,dog
16764,dog
16771,dog
16773,dog
16777,dog
1678,dog
16786,dog
16787,dog
16788,dog
16797,dog
16799,dog
16802,dog
16806,dog
16809,dog
16810,dog
16813,dog
16816,dog
1682,dog
16821,dog
16832,dog
16836,dog
16837,dog
16838,dog
16844,dog
16846,dog
16853,dog
16855,dog
1686,dog
16862,dog
16863,dog
16868,dog
16869,dog
16871,dog
16876,dog
16886,dog
16887,dog
16888,dog
16897,dog
16909,dog
16913,dog
16915,dog
16924,dog
16927,dog
16929,dog
16940,dog
16942,dog
16944,dog
16947,dog
16959,dog
16960,dog
16964,dog
1697,dog
16971,dog
16975,dog
16977,dog
16978,dog
16982,dog
16984,dog
16986,dog
17008,dog
17016,dog
17017,dog
1702,dog
17039,dog
17046,dog
17055,dog
1706,dog
17069,dog
17079,dog
17083,dog
17088,dog
1709,dog
17090,dog
17091,dog
17093,dog
17095,dog
17097,dog
17098,dog
17099,dog
17104,dog
17106,dog
17111,dog
17112,dog
17115,dog
17116,dog
17117,dog
17122,dog
17125,dog
17131,dog
17142,dog
17151,dog
17154,dog
17156,dog
17158,dog
17162,dog
17168,dog
17170,dog
17177,dog
17189,dog
17196,dog
17198,dog
1720,dog
17200,dog
17202,dog
17203,dog
17204,dog
17206,dog
17207,dog
17208,dog
17209,dog
17215,dog
17226,dog
17246,dog
17251,dog
17252,dog
1727,dog
17271,dog
17278,dog
17284,dog
17289,dog
17294,dog
17304,dog
17305,dog
17306,dog
1731,dog
17313,dog
17317,dog
17321,dog
17329,dog
17330,dog
17344,dog
17347,dog
17358,dog
17371,dog
17389,dog
1739,dog
17391,dog
17407,dog
17409,dog
17416,dog
17419,dog
17427,dog
17428,dog
1743,dog
17431,dog
17438,dog
17445,dog
17449,dog
17471,dog
17477,dog
17478,dog
17479,dog
1748,dog
17484,dog
17488,dog
1749,dog
17492,dog
17493,dog
17495,dog
17502,dog
17503,dog
17508,dog
1752,dog
17525,dog
17535,dog
17539,dog
17544,dog
17549,dog
17562,dog
17568,dog
17574,dog
17586,dog
17587,dog
17596,dog
17601,dog
17617,dog
17618,dog
17619,dog
17622,dog
17628,dog
17631,dog
17633,dog
17634,dog
17647,dog
17649,dog
17654,dog
17655,dog
17658,dog
17659,dog
1766,dog
17683,dog
17684,dog
17690,dog
17692,dog
17703,dog
17704,dog
17708,dog
17709,dog
1771,dog
17714,dog
17716,dog
1772,dog
17732,dog
17734,dog
17738,dog
17747,dog
17753,dog
17755,dog
17761,dog
17769,dog
1777,dog
17770,dog
17771,dog
17780,dog
17782,dog
17783,dog
17784,dog
17789,dog
17791,dog
17798,dog
17799,dog
17800,dog
17813,dog
17817,dog
17823,dog
17828,dog
17834,dog
1784,dog
17841,dog
17847,dog
17851,dog
17854,dog
17856,dog
17860,dog
17863,dog
17864,dog
17866,dog
17873,dog
17874,dog
17880,dog
17884,dog
17885,dog
17896,dog
17903,dog
17913,dog
17914,dog
17919,dog
17924,dog
17926,dog
17931,dog
17939,dog
17942,dog
17947,dog
17948,dog
17949,dog
17950,dog
17959,dog
17965,dog
17969,dog
17971,dog
17975,dog
17976,dog
17980,dog
17981,dog
17982,dog
17987,dog
17988,dog
17993,dog
17995,dog
18007,dog
18012,dog
18016,dog
18017,dog
18019,dog
1802,dog
18025,dog
18031,dog
1804,dog
18042,dog
18044,dog
18046,dog
18053,dog
18055,dog
18066,dog
18067,dog
18071,dog
18079,dog
18083,dog
18084,dog
18086,dog
18098,dog
18099,dog
18102,dog
18105,dog
18109,dog
1811,dog
18112,dog
18114,dog
1812,dog
1813,dog
18132,dog
18134,dog
1814,dog
18143,dog
18174,dog
18178,dog
1819,dog
18191,dog
18198,dog
18200,dog
18204,dog
18208,dog
18212,dog
18225,dog
18229,dog
18234,dog
18236,dog
18240,dog
18243,dog
18253,dog
1826,dog
18262,dog
18272,dog
18273,dog
18278,dog
18281,dog
18286,dog
18288,dog
18290,dog
18294,dog
18299,dog
18301,dog
18306,dog
18308,dog
18311,dog
18312,dog
18320,dog
1833,dog
18330,dog
18331,dog
18332,dog
18336,dog
18352,dog
18357,dog
18358,dog
18359,dog
18364,dog
18366,dog
18372,dog
18375,dog
18384,dog
18385,dog
18390,dog
18391,dog
18400,dog
18402,dog
18404,dog
18408,dog
1841,dog
18410,dog
18415,dog
18417,dog
18424,dog
18430,dog
18434,dog
18437,dog
18447,dog
18452,dog
1846,dog
18465,dog
18469,dog
18473,dog
18475,dog
18483,dog
18487,dog
18494,dog
18500,dog
18503,dog
18506,dog
18507,dog
1851,dog
18515,dog
18517,dog
18518,dog
18519,dog
18521,dog
1853,dog
18530,dog
18533,dog
18535,dog
18552,dog
18555,dog
18562,dog
18566,dog
18569,dog
18589,dog
18599,dog
18600,dog
18605,dog
18608,dog
18613,dog
18615,dog
18617,dog
18621,dog
18632,dog
18635,dog
18636,dog
18641,dog
18646,dog
18653,dog
18655,dog
18664,dog
18666,dog
18667,dog
18671,dog
18673,dog
18675,dog
18684,dog
18686,dog
18687,dog
1869,dog
18692,dog
18694,dog
18697,dog
18701,dog
18703,dog
18706,dog
18711,dog
18712,dog
18716,dog
18720,dog
18722,dog
18723,dog
18724,dog
1873,dog
18732,dog
18733,dog
18740,dog
18741,dog
18746,dog
18751,dog
18753,dog
18760,dog
18766,dog
18769,dog
18774,dog
18775,dog
18792,dog
18800,dog
18801,dog
18803,dog
18806,dog
18813,dog
18816,dog
18817,dog
1882,dog
18821,dog
18828,dog
1883,dog
18839,dog
18847,dog
18849,dog
18858,dog
18862,dog
18865,dog
18866,dog
18878,dog
18890,dog
18896,dog
18897,dog
18899,dog
18904,dog
18908,dog
1891,dog
18910,dog
18919,dog
18920,dog
18924,dog
18926,dog
18928,dog
18930,dog
18934,dog
18936,dog
18938,dog
18940,dog
18949,dog
18954,dog
18955,dog
18959,dog
18960,dog
18971,dog
18973,dog
18974,dog
18978,dog
18979,dog
18984,dog
18989,dog
18994,dog
18998,dog
19000,dog
19001,dog
19002,dog
19005,dog
19007,dog
19024,dog
1903,dog
19031,dog
19033,dog
19043,dog
19047,dog
19048,dog
19057,dog
19061,dog
19066,dog
19074,dog
19075,dog
19079,dog
19088,dog
19092,dog
19099,dog
19112,dog
19122,dog
19133,dog
1914,dog
19141,dog
19142,dog
19146,dog
19147,dog
19149,dog
1915,dog
19150,dog
19156,dog
19158,dog
19160,dog
19177,dog
19184,dog
19186,dog
19189,dog
19190,dog
19197,dog
19198,dog
19201,dog
19202,dog
19213,dog
19220,dog
19226,dog
19231,dog
19232,dog
19239,dog
1924,dog
19245,dog
19249,dog
19252,dog
19262,dog
1928,dog
19280,dog
19283,dog
19286,dog
19291,dog
19292,dog
19295,dog
19306,dog
19317,dog
19324,dog
19325,dog
19326,dog
19328,dog
19339,dog
19343,dog
19344,dog
19345,dog
19346,dog
19348,dog
19358,dog
19360,dog
19367,dog
19368,dog
19372,dog
19385,dog
19389,dog
19392,dog
19393,dog
19394,dog
19399,dog
1940,dog
19400,dog
19403,dog
19406,dog
19413,dog
1942,dog
19423,dog
1944,dog
19447,dog
19450,dog
1946,dog
19460,dog
19468,dog
19474,dog
19476,dog
19486,dog
1949,dog
19496,dog
1950,dog
19501,dog
19507,dog
19508,dog
19513,dog
19514,dog
1952,dog
19523,dog
19525,dog
19531,dog
19534,dog
1954,dog
19542,dog
19546,dog
19547,dog
19549,dog
19555,dog
19559,dog
19563,dog
19564,dog
19566,dog
19575,dog
19579,dog
19586,dog
19587,dog
19597,dog
19598,dog
19604,dog
19605,dog
19607,dog
19614,dog
19616,dog
19625,dog
19627,dog
1963,dog
19633,dog
19634,dog
19640,dog
19641,dog
19648,dog
1966,dog
19662,dog
19668,dog
19680,dog
19681,dog
19696,dog
1970,dog
19705,dog
19706,dog
19710,dog
19717,dog
19719,dog
19725,dog
19731,dog
19738,dog
1974,dog
19741,dog
19746,dog
19747,dog
1975,dog
19755,dog
19759,dog
19760,dog
19768,dog
1977,dog
1978,dog
19781,dog
19785,dog
19787,dog
19806,dog
19812,dog
19816,dog
19826,dog
19831,dog
19835,dog
19837,dog
1984,dog
19843,dog
19852,dog
19856,dog
19860,dog
19866,dog
19869,dog
19871,dog
19877,dog
19878,dog
1988,dog
19885,dog
19889,dog
19890,dog
19892,dog
19897,dog
19898,dog
19904,dog
1991,dog
19910,dog
19918,dog
19919,dog
19923,dog
19929,dog
19934,dog
19935,dog
19937,dog
19941,dog
19949,dog
19955,dog
19957,dog
1996,dog
19963,dog
19968,dog
1997,dog
19970,dog
19973,dog
1998,dog
19980,dog
19981,dog
19990,dog
20001,dog
20008,dog
20009,dog
2001,dog
20010,dog
20028,dog
20032,dog
20034,dog
20037,dog
20047,dog
20049,dog
20051,dog
20056,dog
20059,dog
20062,dog
20065,dog
20068,dog
20074,dog
20075,dog
20089,dog
2009,dog
20094,dog
20095,dog
20098,dog
20103,dog
20108,dog
20122,dog
20124,dog
20132,dog
20136,dog
20141,dog
20146,dog
20154,dog
20159,dog
20169,dog
2017,dog
20177,dog
20179,dog
20183,dog
20187,dog
20194,dog
20199,dog
20201,dog
20209,dog
20220,dog
20222,dog
20225,dog
20229,dog
20230,dog
20231,dog
20234,dog
20238,dog
2024,dog
20250,dog
20251,dog
20254,dog
20255,dog
20260,dog
20261,dog
20271,dog
20272,dog
2029,dog
20293,dog
20294,dog
20296,dog
2030,dog
20301,dog
20312,dog
20333,dog
20334,dog
20335,dog
20338,dog
20343,dog
20347,dog
20348,dog
20350,dog
20351,dog
20359,dog
20366,dog
20368,dog
20369,dog
20380,dog
20383,dog
20390,dog
20393,dog
20399,dog
20403,dog
20405,dog
20406,dog
20407,dog
2041,dog
20413,dog
20415,dog
20421,dog
20424,dog
2043,dog
20431,dog
20433,dog
20437,dog
20439,dog
20440,dog
20441,dog
20450,dog
20451,dog
20453,dog
20459,dog
20463,dog
20468,dog
2047,dog
20473,dog
20483,dog
20486,dog
20487,dog
20494,dog
20496,dog
20499,dog
20503,dog
20512,dog
20516,dog
20526,dog
20527,dog
20535,dog
20543,dog
20546,dog
20554,dog
20555,dog
20560,dog
20563,dog
20564,dog
20566,dog
2057,dog
20572,dog
2058,dog
20588,dog
2059,dog
20592,dog
20596,dog
20603,dog
20610,dog
20627,dog
2064,dog
20651,dog
20656,dog
20664,dog
20667,dog
20670,dog
20673,dog
20677,dog
20679,dog
20695,dog
2070,dog
20700,dog
20703,dog
20708,dog
20714,dog
20716,dog
20719,dog
2072,dog
20726,dog
20740,dog
20746,dog
20749,dog
20752,dog
20758,dog
20764,dog
20768,dog
20775,dog
20777,dog
2078,dog
20783,dog
20787,dog
20795,dog
20806,dog
20808,dog
20813,dog
20815,dog
20818,dog
20819,dog
20821,dog
20827,dog
2083,dog
20830,dog
20844,dog
20855,dog
20871,dog
20875,dog
20876,dog
20879,dog
20881,dog
20886,dog
20896,dog
20898,dog
20899,dog
20906,dog
20908,dog
20909,dog
20912,dog
20914,dog
20916,dog
20917,dog
20918,dog
20939,dog
20941,dog
20943,dog
20944,dog
2095,dog
20950,dog
20959,dog
20971,dog
20973,dog
2098,dog
20984,dog
21001,dog
21008,dog
21019,dog
21025,dog
21027,dog
21036,dog
2104,dog
21042,dog
21044,dog
21046,dog
21051,dog
21052,dog
21053,dog
21054,dog
21056,dog
21075,dog
21081,dog
21085,dog
21087,dog
21089,dog
21092,dog
21094,dog
2110,dog
21100,dog
21102,dog
21110,dog
21113,dog
21114,dog
21115,dog
2112,dog
21124,dog
21125,dog
21129,dog
21133,dog
21136,dog
21138,dog
21139,dog
21142,dog
21149,dog
2115,dog
21154,dog
21158,dog
21160,dog
21174,dog
21179,dog
21183,dog
21184,dog
21186,dog
21192,dog
21199,dog
21201,dog
21202,dog
21203,dog
2121,dog
21210,dog
21218,dog
21227,dog
21238,dog
21239,dog
21244,dog
21247,dog
21252,dog
21253,dog
21260,dog
21262,dog
21263,dog
21265,dog
21276,dog
21278,dog
2128,dog
21282,dog
21285,dog
21290,dog
21315,dog
21319,dog
21321,dog
21323,dog
21327,dog
21329,dog
21333,dog
21337,dog
2134,dog
21340,dog
21345,dog
21348,dog
21352,dog
21355,dog
21362,dog
21372,dog
21380,dog
21383,dog
2139,dog
21393,dog
21397,dog
21404,dog
21405,dog
21407,dog
21412,dog
21415,dog
21420,dog
21422,dog
21423,dog
21429,dog
2143,dog
2145,dog
21450,dog
21451,dog
21453,dog
21454,dog
21456,dog
21461,dog
21489,dog
21492,dog
21493,dog
2150,dog
21501,dog
21510,dog
2152,dog
21525,dog
21528,dog
21537,dog
21538,dog
21542,dog
21549,dog
21554,dog
21555,dog
21559,dog
21562,dog
21563,dog
21564,dog
21566,dog
21567,dog
21568,dog
2157,dog
21570,dog
21573,dog
21578,dog
21579,dog
21584,dog
21592,dog
21596,dog
21601,dog
21606,dog
21607,dog
21613,dog
21619,dog
21623,dog
21626,dog
2163,dog
21635,dog
21643,dog
21654,dog
21655,dog
21659,dog
21664,dog
2167,dog
21670,dog
21673,dog
21674,dog
21675,dog
21684,dog
21691,dog
21698,dog
21706,dog
21708,dog
21717,dog
21725,dog
21727,dog
21728,dog
21732,dog
21741,dog
21742,dog
21745,dog
21750,dog
21765,dog
21768,dog
2177,dog
21773,dog
21775,dog
21784,dog
21789,dog
21791,dog
21793,dog
21798,dog
21799,dog
21803,dog
21804,dog
2181,dog
21820,dog
21822,dog
21828,dog
21829,dog
2183,dog
21832,dog
21840,dog
21843,dog
2185,dog
21853,dog
21854,dog
21855,dog
21857,dog
2186,dog
21861,dog
21872,dog
21877,dog
2188,dog
21880,dog
21883,dog
21888,dog
21889,dog
2189,dog
21893,dog
21897,dog
21908,dog
21920,dog
21925,dog
21926,dog
21931,dog
21932,dog
21938,dog
21951,dog
21953,dog
21955,dog
21957,dog
2196,dog
21960,dog
21962,dog
21974,dog
21975,dog
21978,dog
21979,dog
2198,dog
21983,dog
21987,dog
21988,dog
21992,dog
21997,dog
21999,dog
22001,dog
22002,dog
22004,dog
22005,dog
22006,dog
22007,dog
22009,dog
22011,dog
22018,dog
22021,dog
22034,dog
22036,dog
22039,dog
22041,dog
22042,dog
22043,dog
22044,dog
2205,dog
22057,dog
22064,dog
22066,dog
2207,dog
22077,dog
22081,dog
22091,dog
22094,dog
22098,dog
22103,dog
22108,dog
2211,dog
22113,dog
22121,dog
22124,dog
22125,dog
22132,dog
22133,dog
22135,dog
2214,dog
22140,dog
22141,dog
2215,dog
22153,dog
22161,dog
22164,dog
22168,dog
22169,dog
22170,dog
22176,dog
22178,dog
2218,dog
22180,dog
22182,dog
22189,dog
2219,dog
22193,dog
22195,dog
22196,dog
22202,dog
22204,dog
22212,dog
22214,dog
22225,dog
22228,dog
22231,dog
22232,dog
22239,dog
22244,dog
22245,dog
22246,dog
22247,dog
22249,dog
22252,dog
22257,dog
22259,dog
22266,dog
22270,dog
22273,dog
22274,dog
22279,dog
22286,dog
22291,dog
22297,dog
2230,dog
22308,dog
22311,dog
22315,dog
22322,dog
22323,dog
22329,dog
2233,dog
22333,dog
22334,dog
22338,dog
22344,dog
22360,dog
22371,dog
22372,dog
22376,dog
22398,dog
22399,dog
2240,dog
22401,dog
22405,dog
22415,dog
22416,dog
22419,dog
22423,dog
22429,dog
22431,dog
22435,dog
22436,dog
22444,dog
22445,dog
22446,dog
22450,dog
22458,dog
22465,dog
22469,dog
22477,dog
22488,dog
22496,dog
22499,dog
22503,dog
22506,dog
22507,dog
2251,dog
22513,dog
22515,dog
22517,dog
22520,dog
22527,dog
22531,dog
22533,dog
22535,dog
22536,dog
22537,dog
22538,dog
22545,dog
22554,dog
22556,dog
22557,dog
22559,dog
22562,dog
22566,dog
22572,dog
22584,dog
22586,dog
22588,dog
22590,dog
22608,dog
22609,dog
22612,dog
22615,dog
22616,dog
22621,dog
22622,dog
22624,dog
22629,dog
22630,dog
22644,dog
22655,dog
22661,dog
22666,dog
22671,dog
22677,dog
22680,dog
22684,dog
22689,dog
2269,dog
22690,dog
22693,dog
22696,dog
22698,dog
22699,dog
22708,dog
22718,dog
22721,dog
2273,dog
22731,dog
22733,dog
22738,dog
22744,dog
22748,dog
22755,dog
22759,dog
22761,dog
22762,dog
22768,dog
22770,dog
22790,dog
22791,dog
22795,dog
22797,dog
22809,dog
22810,dog
22814,dog
22815,dog
22817,dog
22819,dog
22825,dog
22830,dog
22833,dog
22836,dog
22838,dog
22845,dog
22851,dog
22852,dog
22854,dog
22855,dog
22857,dog
22873,dog
22891,dog
22904,dog
22912,dog
22915,dog
22921,dog
22935,dog
22939,dog
2294,dog
22941,dog
22951,dog
2296,dog
22962,dog
22966,dog
22967,dog
22969,dog
22974,dog
22978,dog
22979,dog
22989,dog
2299,dog
22992,dog
22996,dog
22999,dog
23005,dog
23012,dog
23015,dog
23025,dog
23026,dog
23035,dog
23040,dog
23043,dog
23044,dog
23050,dog
23052,dog
23055,dog
23058,dog
23069,dog
2307,dog
23083,dog
23084,dog
23094,dog
23096,dog
23098,dog
23104,dog
23108,dog
23116,dog
23124,dog
23144,dog
23146,dog
23151,dog
23154,dog
23161,dog
23168,dog
2317,dog
23171,dog
23178,dog
23181,dog
23182,dog
23183,dog
23191,dog
23192,dog
23195,dog
23198,dog
2320,dog
23206,dog
23227,dog
23229,dog
23231,dog
23232,dog
23233,dog
23236,dog
23244,dog
2325,dog
23256,dog
2327,dog
23270,dog
23271,dog
23272,dog
23275,dog
23277,dog
23278,dog
23290,dog
23292,dog
23294,dog
2330,dog
23302,dog
23317,dog
23318,dog
2332,dog
23320,dog
23324,dog
23330,dog
23336,dog
23337,dog
23339,dog
23341,dog
23342,dog
2335,dog
23355,dog
23357,dog
23358,dog
23366,dog
23374,dog
23382,dog
23386,dog
23388,dog
23391,dog
23393,dog
23396,dog
23399,dog
23402,dog
23406,dog
23417,dog
23423,dog
23428,dog
23429,dog
23436,dog
23438,dog
23450,dog
23452,dog
23469,dog
2347,dog
23473,dog
23475,dog
23477,dog
23485,dog
23490,dog
23495,dog
23502,dog
23506,dog
23507,dog
23509,dog
23512,dog
23514,dog
23515,dog
23528,dog
23530,dog
23532,dog
23543,dog
23549,dog
23552,dog
23553,dog
23555,dog
23556,dog
2356,dog
23563,dog
2357,dog
23572,dog
23576,dog
23577,dog
23578,dog
23581,dog
23589,dog
23592,dog
23600,dog
23602,dog
23603,dog
23604,dog
23605,dog
23609,dog
23611,dog
23612,dog
23617,dog
23623,dog
23628,dog
23636,dog
23644,dog
23654,dog
23658,dog
23661,dog
23664,dog
23672,dog
23677,dog
2368,dog
23688,dog
23689,dog
23694,dog
23698,dog
23701,dog
23702,dog
23706,dog
23717,dog
23727,dog
23731,dog
23736,dog
23742,dog
23749,dog
23755,dog
23757,dog
23759,dog
23766,dog
23768,dog
23780,dog
23781,dog
23782,dog
23789,dog
23800,dog
23801,dog
23802,dog
23805,dog
2381,dog
23811,dog
23823,dog
23829,dog
23832,dog
23834,dog
23839,dog
23842,dog
23844,dog
23850,dog
23851,dog
23859,dog
23864,dog
2387,dog
23871,dog
23875,dog
2388,dog
23884,dog
23885,dog
23889,dog
23891,dog
23894,dog
2390,dog
23903,dog
2391,dog
23913,dog
23914,dog
23917,dog
23919,dog
2393,dog
23930,dog
23932,dog
23939,dog
23940,dog
23947,dog
23960,dog
23962,dog
23963,dog
23969,dog
23970,dog
23977,dog
2399,dog
24000,dog
24004,dog
24007,dog
24008,dog
24020,dog
24022,dog
24023,dog
24034,dog
24035,dog
24037,dog
24038,dog
2404,dog
24043,dog
2405,dog
24051,dog
24060,dog
24074,dog
24078,dog
24096,dog
24100,dog
24102,dog
24105,dog
24109,dog
24110,dog
24113,dog
24115,dog
24117,dog
24123,dog
24133,dog
24137,dog
24142,dog
24143,dog
24153,dog
24159,dog
24168,dog
24182,dog
24188,dog
24191,dog
24193,dog
24195,dog
24196,dog
24211,dog
24213,dog
24214,dog
24215,dog
24219,dog
24233,dog
24241,dog
24245,dog
24249,dog
24261,dog
24272,dog
24276,dog
24277,dog
24288,dog
24314,dog
24316,dog
24319,dog
24327,dog
24334,dog
24338,dog
24339,dog
2434,dog
24342,dog
24343,dog
24344,dog
2435,dog
24354,dog
2437,dog
24371,dog
24372,dog
24384,dog
24387,dog
24394,dog
24403,dog
24404,dog
24405,dog
24413,dog
24414,dog
24416,dog
24417,dog
24419,dog
24427,dog
24433,dog
24434,dog
24445,dog
24447,dog
24456,dog
24462,dog
24466,dog
24474,dog
24483,dog
24485,dog
24486,dog
24503,dog
24510,dog
24514,dog
24515,dog
24527,dog
24536,dog
24537,dog
24548,dog
24551,dog
24554,dog
24559,dog
24566,dog
24568,dog
24575,dog
24578,dog
2458,dog
24582,dog
24586,dog
24594,dog
24595,dog
24604,dog
2461,dog
24621,dog
24623,dog
2463,dog
24633,dog
24638,dog
24639,dog
24648,dog
24652,dog
24657,dog
2466,dog
24660,dog
24661,dog
24667,dog
24670,dog
24671,dog
24674,dog
24688,dog
24690,dog
24693,dog
24697,dog
2470,dog
24704,dog
24708,dog
24715,dog
24717,dog
2472,dog
24721,dog
24722,dog
24724,dog
24727,dog
24730,dog
24732,dog
24737,dog
24746,dog
2476,dog
24760,dog
24761,dog
24762,dog
24767,dog
24769,dog
24773,dog
24782,dog
24789,dog
2479,dog
24792,dog
24793,dog
24795,dog
24798,dog
24808,dog
24809,dog
2481,dog
24815,dog
2482,dog
24826,dog
24828,dog
24830,dog
24836,dog
24838,dog
24839,dog
24842,dog
24844,dog
24849,dog
24856,dog
2486,dog
24873,dog
2488,dog
24880,dog
2489,dog
24893,dog
24905,dog
24911,dog
24912,dog
24917,dog
24918,dog
24919,dog
24923,dog
24924,dog
24931,dog
24932,dog
24933,dog
24938,dog
24939,dog
24960,dog
24962,dog
24963,dog
24965,dog
24973,dog
24988,dog
24990,dog
24992,dog
24994,dog
24997,dog
2510,dog
2515,dog
2518,dog
2527,dog
2532,dog
2539,dog
2540,dog
2542,dog
2543,dog
2545,dog
2547,dog
2550,dog
2555,dog
2562,dog
2566,dog
2570,dog
2577,dog
2579,dog
2588,dog
2590,dog
2591,dog
2596,dog
2599,dog
2605,dog
2608,dog
2614,dog
2627,dog
2628,dog
2629,dog
2630,dog
2636,dog
2655,dog
2656,dog
2663,dog
2670,dog
2671,dog
2682,dog
2687,dog
2692,dog
2712,dog
2718,dog
2720,dog
2744,dog
2746,dog
2751,dog
2752,dog
2754,dog
2762,dog
2771,dog
2773,dog
2776,dog
2785,dog
2786,dog
2787,dog
2792,dog
2794,dog
2799,dog
2800,dog
2801,dog
2804,dog
2817,dog
2818,dog
2828,dog
2833,dog
2838,dog
2844,dog
2845,dog
2847,dog
2849,dog
2850,dog
2866,dog
2867,dog
2881,dog
2882,dog
2888,dog
2895,dog
2901,dog
2913,dog
2914,dog
2917,dog
2919,dog
2928,dog
2937,dog
2946,dog
2949,dog
2951,dog
2952,dog
2953,dog
2955,dog
2963,dog
2968,dog
2970,dog
2971,dog
2972,dog
2975,dog
2976,dog
2982,dog
2987,dog
2991,dog
2999,dog
3009,dog
3015,dog
3021,dog
3023,dog
3028,dog
3029,dog
3033,dog
3034,dog
3049,dog
3051,dog
3085,dog
3087,dog
3098,dog
3111,dog
3121,dog
3126,dog
3130,dog
3133,dog
3149,dog
3151,dog
3154,dog
3157,dog
3158,dog
3159,dog
3160,dog
3162,dog
3169,dog
3170,dog
3173,dog
3176,dog
3177,dog
3178,dog
3179,dog
3187,dog
3192,dog
3194,dog
3195,dog
3203,dog
3205,dog
3206,dog
3207,dog
3213,dog
3219,dog
3222,dog
3223,dog
3224,dog
3225,dog
3228,dog
3229,dog
3230,dog
3231,dog
3236,dog
3250,dog
3262,dog
3264,dog
3265,dog
3270,dog
3272,dog
3277,dog
3280,dog
3287,dog
3298,dog
3303,dog
3314,dog
3318,dog
3322,dog
3324,dog
3329,dog
3333,dog
3341,dog
3358,dog
3368,dog
3372,dog
3375,dog
3380,dog
3381,dog
3395,dog
3404,dog
3405,dog
3407,dog
3411,dog
3417,dog
3419,dog
3420,dog
3421,dog
3443,dog
3450,dog
3457,dog
3462,dog
3469,dog
3472,dog
3474,dog
3475,dog
3489,dog
3503,dog
3506,dog
3523,dog
3538,dog
3540,dog
3548,dog
3554,dog
3557,dog
3559,dog
3560,dog
3563,dog
3571,dog
3582,dog
3593,dog
3606,dog
3619,dog
3627,dog
3629,dog
3632,dog
3633,dog
3635,dog
3645,dog
3652,dog
3654,dog
3656,dog
3659,dog
3664,dog
3666,dog
3668,dog
3670,dog
3671,dog
3675,dog
3684,dog
3687,dog
3698,dog
3704,dog
3705,dog
3706,dog
3710,dog
3712,dog
3721,dog
3725,dog
3726,dog
3732,dog
3744,dog
3749,dog
3753,dog
3761,dog
3762,dog
3765,dog
3771,dog
3772,dog
3776,dog
3782,dog
3783,dog
3792,dog
3799,dog
3805,dog
3806,dog
3813,dog
3820,dog
3824,dog
3828,dog
3835,dog
3846,dog
3847,dog
3851,dog
3859,dog
3860,dog
3866,dog
3873,dog
3874,dog
3882,dog
3884,dog
3887,dog
3892,dog
3894,dog
3895,dog
3898,dog
3902,dog
3908,dog
3912,dog
3915,dog
3918,dog
3928,dog
3935,dog
3936,dog
3946,dog
3952,dog
3953,dog
3954,dog
3957,dog
3958,dog
3964,dog
3966,dog
3967,dog
3968,dog
3976,dog
3980,dog
4010,dog
4013,dog
4019,dog
4024,dog
4028,dog
4031,dog
4033,dog
4035,dog
4040,dog
4052,dog
4055,dog
4062,dog
4064,dog
4067,dog
4069,dog
4086,dog
4092,dog
4096,dog
4100,dog
4101,dog
4111,dog
4115,dog
4118,dog
4125,dog
4126,dog
4130,dog
4134,dog
4139,dog
4156,dog
4164,dog
4170,dog
4172,dog
4175,dog
4183,dog
4186,dog
4209,dog
4221,dog
4224,dog
4227,dog
4245,dog
4254,dog
4257,dog
4263,dog
4265,dog
4267,dog
4268,dog
4274,dog
4276,dog
4278,dog
4279,dog
4280,dog
4284,dog
4289,dog
4296,dog
4306,dog
4308,dog
4311,dog
4313,dog
4314,dog
4327,dog
4328,dog
4331,dog
4334,dog
4339,dog
4343,dog
4344,dog
4346,dog
4356,dog
4373,dog
4374,dog
4376,dog
4377,dog
4384,dog
4385,dog
4389,dog
4402,dog
4412,dog
4413,dog
4422,dog
4425,dog
4426,dog
4430,dog
4432,dog
4438,dog
4439,dog
4453,dog
4454,dog
4455,dog
4457,dog
4477,dog
4479,dog
4486,dog
4492,dog
4497,dog
4500,dog
4502,dog
4503,dog
4506,dog
4513,dog
4528,dog
4532,dog
4533,dog
4544,dog
4546,dog
4549,dog
4550,dog
4554,dog
4559,dog
4560,dog
4564,dog
4565,dog
4567,dog
4573,dog
4575,dog
4576,dog
4577,dog
4579,dog
4587,dog
4589,dog
4598,dog
4600,dog
4605,dog
4610,dog
4611,dog
4616,dog
4620,dog
4629,dog
4638,dog
4640,dog
4644,dog
4666,dog
4670,dog
4671,dog
4675,dog
4681,dog
4684,dog
4687,dog
4688,dog
4689,dog
4691,dog
4693,dog
4698,dog
4699,dog
4700,dog
4718,dog
4727,dog
4730,dog
4736,dog
4755,dog
4757,dog
4762,dog
4768,dog
4777,dog
4778,dog
4781,dog
4788,dog
4792,dog
4796,dog
4798,dog
4800,dog
4805,dog
4823,dog
4827,dog
4829,dog
4831,dog
4834,dog
4837,dog
4845,dog
4848,dog
4854,dog
4856,dog
4857,dog
4858,dog
4862,dog
4863,dog
4876,dog
4878,dog
4881,dog
4883,dog
4888,dog
4903,dog
4904,dog
4921,dog
4927,dog
4934,dog
4938,dog
4939,dog
4940,dog
4941,dog
4943,dog
4945,dog
4969,dog
4977,dog
4980,dog
4985,dog
4989,dog
4993,dog
4996,dog
4999,dog
5003,dog
5004,dog
5013,dog
5021,dog
5024,dog
5026,dog
5032,dog
5033,dog
5034,dog
5047,dog
5048,dog
5056,dog
5061,dog
5063,dog
5064,dog
5065,dog
5066,dog
5069,dog
5073,dog
5078,dog
5079,dog
5084,dog
5088,dog
5097,dog
5099,dog
5103,dog
5108,dog
5111,dog
5114,dog
5121,dog
5122,dog
5125,dog
5126,dog
5130,dog
5135,dog
5137,dog
5139,dog
5143,dog
5148,dog
5151,dog
5156,dog
5160,dog
5170,dog
5180,dog
5190,dog
5192,dog
5200,dog
5212,dog
5213,dog
5235,dog
5246,dog
5249,dog
5254,dog
5267,dog
5274,dog
5278,dog
5290,dog
5296,dog
5306,dog
5315,dog
5316,dog
5323,dog
5325,dog
5336,dog
5338,dog
5340,dog
5343,dog
5348,dog
5352,dog
5353,dog
5356,dog
5362,dog
5363,dog
5365,dog
5366,dog
5368,dog
5375,dog
5380,dog
5384,dog
5392,dog
5393,dog
5417,dog
5418,dog
5423,dog
5424,dog
5426,dog
5437,dog
5449,dog
5453,dog
5455,dog
5457,dog
5459,dog
5462,dog
5465,dog
5475,dog
5476,dog
5479,dog
5480,dog
5481,dog
5485,dog
5486,dog
5488,dog
5489,dog
5498,dog
5502,dog
5508,dog
5510,dog
5516,dog
5517,dog
5519,dog
5521,dog
5531,dog
5536,dog
5543,dog
5544,dog
5552,dog
5553,dog
5562,dog
5564,dog
5568,dog
5571,dog
5572,dog
5578,dog
5593,dog
5600,dog
5608,dog
5614,dog
5617,dog
5618,dog
5619,dog
5620,dog
5630,dog
5640,dog
5648,dog
5649,dog
5656,dog
5658,dog
5659,dog
5665,dog
5671,dog
5678,dog
5684,dog
5685,dog
5687,dog
5690,dog
5692,dog
5698,dog
5699,dog
5704,dog
5711,dog
5715,dog
5716,dog
5727,dog
5734,dog
5736,dog
5737,dog
5740,dog
5744,dog
5753,dog
5754,dog
5758,dog
5764,dog
5770,dog
5777,dog
5789,dog
5790,dog
5795,dog
5800,dog
5801,dog
5803,dog
5804,dog
5816,dog
5819,dog
5825,dog
5828,dog
5843,dog
5856,dog
5859,dog
5862,dog
5865,dog
5867,dog
5868,dog
5873,dog
5881,dog
5882,dog
5896,dog
5924,dog
5925,dog
5928,dog
5935,dog
5937,dog
5938,dog
5939,dog
5943,dog
5944,dog
5952,dog
5959,dog
5969,dog
5978,dog
5982,dog
5992,dog
5995,dog
5998,dog
5999,dog
6001,dog
6002,dog
6014,dog
6019,dog
6023,dog
6024,dog
6027,dog
6037,dog
6042,dog
6043,dog
6047,dog
6050,dog
6054,dog
6056,dog
6064,dog
6065,dog
6069,dog
6070,dog
6079,dog
6086,dog
6090,dog
6104,dog
6114,dog
6115,dog
6116,dog
6118,dog
6120,dog
6127,dog
6149,dog
6152,dog
6163,dog
6166,dog
6174,dog
6190,dog
6200,dog
6202,dog
6207,dog
6209,dog
6212,dog
6216,dog
6219,dog
6222,dog
6223,dog
6227,dog
6253,dog
6258,dog
6259,dog
6260,dog
6261,dog
6270,dog
6272,dog
6273,dog
6275,dog
6277,dog
6288,dog
6289,dog
6290,dog
6300,dog
6302,dog
6307,dog
6310,dog
6321,dog
6328,dog
6333,dog
6335,dog
6337,dog
6341,dog
6343,dog
6365,dog
6366,dog
6370,dog
6371,dog
6378,dog
6379,dog
6383,dog
6386,dog
6392,dog
6408,dog
6411,dog
6413,dog
6415,dog
6416,dog
6417,dog
6424,dog
6425,dog
6427,dog
6429,dog
6433,dog
6437,dog
6444,dog
6445,dog
6454,dog
6463,dog
6464,dog
6481,dog
6485,dog
6486,dog
6491,dog
6498,dog
6499,dog
6508,dog
6510,dog
6511,dog
6517,dog
6533,dog
6540,dog
6542,dog
6543,dog
6547,dog
6561,dog
6562,dog
6563,dog
6582,dog
6587,dog
6589,dog
6596,dog
6600,dog
6603,dog
6608,dog
6612,dog
6624,dog
6630,dog
6635,dog
6639,dog
6640,dog
6643,dog
6644,dog
6651,dog
6654,dog
6658,dog
6660,dog
6670,dog
6686,dog
6696,dog
6709,dog
6713,dog
6717,dog
6721,dog
6733,dog
6737,dog
6750,dog
6751,dog
6756,dog
6770,dog
6772,dog
6773,dog
6778,dog
6794,dog
6796,dog
6801,dog
6806,dog
6812,dog
6822,dog
6833,dog
6838,dog
6839,dog
6844,dog
6845,dog
6853,dog
6854,dog
6856,dog
6860,dog
6863,dog
6875,dog
6883,dog
6887,dog
6893,dog
6904,dog
6910,dog
6913,dog
6915,dog
6920,dog
6922,dog
6923,dog
6927,dog
6940,dog
6946,dog
6947,dog
6952,dog
6955,dog
6965,dog
6975,dog
6976,dog
6979,dog
6988,dog
6994,dog
7006,dog
7007,dog
7014,dog
7016,dog
7017,dog
7024,dog
7031,dog
7032,dog
7036,dog
7037,dog
7041,dog
7042,dog
7045,dog
7054,dog
7055,dog
7059,dog
7062,dog
7065,dog
7075,dog
7077,dog
7080,dog
7082,dog
7087,dog
7092,dog
7096,dog
7098,dog
7099,dog
7100,dog
7102,dog
7115,dog
7120,dog
7121,dog
7130,dog
7134,dog
7135,dog
7144,dog
7148,dog
7160,dog
7164,dog
7168,dog
7171,dog
7179,dog
7191,dog
7193,dog
7196,dog
7208,dog
7209,dog
7216,dog
7219,dog
7224,dog
7226,dog
7243,dog
7252,dog
7253,dog
7255,dog
7259,dog
7264,dog
7266,dog
7270,dog
7284,dog
7290,dog
7292,dog
7296,dog
7298,dog
7305,dog
7306,dog
7308,dog
7310,dog
7317,dog
7320,dog
7322,dog
7326,dog
7343,dog
7354,dog
7358,dog
7359,dog
7370,dog
7373,dog
7378,dog
7379,dog
7383,dog
7386,dog
7388,dog
7389,dog
7395,dog
7403,dog
7420,dog
7423,dog
7425,dog
7427,dog
7430,dog
7431,dog
7432,dog
7438,dog
7444,dog
7446,dog
7447,dog
7452,dog
7453,dog
7457,dog
7460,dog
7461,dog
7473,dog
7482,dog
7484,dog
7493,dog
7495,dog
7496,dog
7497,dog
7504,dog
7505,dog
7508,dog
7514,dog
7515,dog
7517,dog
7518,dog
7525,dog
7528,dog
7542,dog
7547,dog
7552,dog
7557,dog
7559,dog
7560,dog
7564,dog
7565,dog
7573,dog
7588,dog
7591,dog
7594,dog
7603,dog
7608,dog
7609,dog
7615,dog
7616,dog
7618,dog
7621,dog
7623,dog
7627,dog
7630,dog
7635,dog
7636,dog
7638,dog
7650,dog
7653,dog
7656,dog
7660,dog
7662,dog
7665,dog
7669,dog
7670,dog
7682,dog
7685,dog
7694,dog
7697,dog
7698,dog
7707,dog
7713,dog
7716,dog
7723,dog
7725,dog
7729,dog
7737,dog
7743,dog
7748,dog
7760,dog
7761,dog
7765,dog
7766,dog
7767,dog
7775,dog
7782,dog
7783,dog
7798,dog
7805,dog
7812,dog
7821,dog
7826,dog
7827,dog
7835,dog
7836,dog
7839,dog
7849,dog
7856,dog
7858,dog
7860,dog
7861,dog
7877,dog
7883,dog
7887,dog
7895,dog
7902,dog
7906,dog
7913,dog
7914,dog
7921,dog
7928,dog
7936,dog
7948,dog
7949,dog
7958,dog
7959,dog
7960,dog
7967,dog
7975,dog
7979,dog
7981,dog
7984,dog
7987,dog
7990,dog
7996,dog
7997,dog
8003,dog
8006,dog
8009,dog
8010,dog
8023,dog
8025,dog
8026,dog
8027,dog
8033,dog
8036,dog
8040,dog
8045,dog
8047,dog
8054,dog
8055,dog
8056,dog
8060,dog
8062,dog
8064,dog
8071,dog
8078,dog
8080,dog
8084,dog
8086,dog
8092,dog
8098,dog
8103,dog
8105,dog
8117,dog
8119,dog
8120,dog
8121,dog
8127,dog
8130,dog
8135,dog
8144,dog
8145,dog
8147,dog
8155,dog
8168,dog
8173,dog
8181,dog
8184,dog
8189,dog
8195,dog
8205,dog
8207,dog
8221,dog
8224,dog
8226,dog
8231,dog
8235,dog
8239,dog
8247,dog
8249,dog
8250,dog
8253,dog
8255,dog
8258,dog
8261,dog
8262,dog
8263,dog
8266,dog
8268,dog
8273,dog
8276,dog
8278,dog
8280,dog
8281,dog
8291,dog
8292,dog
8300,dog
8302,dog
8305,dog
8307,dog
8308,dog
8310,dog
8313,dog
8316,dog
8320,dog
8321,dog
8323,dog
8327,dog
8333,dog
8337,dog
8340,dog
8345,dog
8347,dog
8350,dog
8354,dog
8356,dog
8359,dog
8360,dog
8373,dog
8376,dog
8381,dog
8386,dog
8389,dog
8395,dog
8397,dog
8399,dog
8402,dog
8415,dog
8418,dog
8420,dog
8424,dog
8425,dog
8436,dog
8437,dog
8439,dog
8440,dog
8445,dog
8452,dog
8456,dog
8457,dog
8459,dog
8476,dog
8480,dog
8483,dog
8492,dog
8493,dog
8507,dog
8508,dog
8512,dog
8522,dog
8524,dog
8526,dog
8528,dog
8534,dog
8535,dog
8541,dog
8546,dog
8550,dog
8553,dog
8555,dog
8560,dog
8572,dog
8575,dog
8582,dog
8587,dog
8600,dog
8601,dog
8604,dog
8609,dog
8610,dog
8611,dog
8624,dog
8628,dog
8629,dog
8631,dog
8634,dog
8637,dog
8643,dog
8644,dog
8646,dog
8672,dog
8673,dog
8674,dog
8678,dog
8681,dog
8686,dog
8687,dog
8688,dog
8689,dog
8694,dog
8701,dog
8704,dog
8710,dog
8720,dog
8723,dog
8725,dog
8728,dog
8733,dog
8737,dog
8740,dog
8752,dog
8758,dog
8763,dog
8766,dog
8777,dog
8786,dog
8789,dog
8793,dog
8806,dog
8809,dog
8815,dog
8817,dog
8818,dog
8822,dog
8828,dog
8837,dog
8839,dog
8850,dog
8851,dog
8852,dog
8853,dog
8854,dog
8860,dog
8865,dog
8866,dog
8867,dog
8871,dog
8875,dog
8876,dog
8881,dog
8896,dog
8897,dog
8916,dog
8928,dog
8934,dog
8943,dog
8951,dog
8954,dog
8962,dog
8963,dog
8970,dog
8973,dog
9003,dog
9013,dog
9020,dog
9024,dog
9039,dog
9047,dog
9057,dog
9059,dog
9065,dog
9069,dog
9073,dog
9076,dog
9078,dog
9079,dog
9081,dog
9082,dog
9083,dog
9086,dog
9087,dog
9092,dog
9101,dog
9102,dog
9103,dog
9112,dog
9118,dog
9120,dog
9130,dog
9135,dog
9138,dog
9140,dog
9141,dog
9142,dog
9143,dog
9146,dog
9154,dog
9155,dog
9169,dog
9173,dog
9178,dog
9182,dog
9191,dog
9192,dog
9200,dog
9206,dog
9211,dog
9227,dog
9249,dog
9250,dog
9255,dog
9270,dog
9271,dog
9276,dog
9288,dog
9296,dog
9298,dog
9304,dog
9305,dog
9308,dog
9309,dog
9315,dog
9321,dog
9328,dog
9338,dog
9339,dog
9341,dog
9344,dog
9345,dog
9349,dog
9361,dog
9367,dog
9368,dog
9369,dog
9370,dog
9374,dog
9378,dog
9382,dog
9384,dog
9388,dog
9393,dog
9398,dog
9400,dog
9403,dog
9405,dog
9406,dog
9407,dog
9408,dog
9409,dog
9420,dog
9422,dog
9426,dog
9435,dog
9438,dog
9446,dog
9449,dog
9451,dog
9458,dog
9466,dog
9475,dog
9492,dog
9497,dog
9500,dog
9501,dog
9509,dog
9510,dog
9523,dog
9527,dog
9530,dog
9533,dog
9541,dog
9545,dog
9549,dog
9551,dog
9561,dog
9570,dog
9573,dog
9575,dog
9585,dog
9586,dog
9594,dog
9596,dog
9603,dog
9605,dog
9608,dog
9612,dog
9613,dog
9614,dog
9619,dog
9625,dog
9627,dog
9630,dog
9645,dog
9653,dog
9655,dog
9665,dog
9668,dog
9673,dog
9688,dog
9691,dog
9696,dog
9697,dog
9703,dog
9710,dog
9715,dog
9720,dog
9732,dog
9741,dog
9752,dog
9757,dog
9781,dog
9787,dog
9790,dog
9791,dog
9801,dog
9804,dog
9807,dog
9811,dog
9813,dog
9816,dog
9822,dog
9828,dog
9835,dog
9841,dog
9842,dog
9844,dog
9846,dog
9851,dog
9853,dog
9856,dog
9858,dog
9860,dog
9871,dog
9872,dog
9875,dog
9890,dog
9898,dog
9901,dog
9903,dog
9922,dog
9923,dog
9939,dog
9940,dog
9950,dog
9952,dog
9955,dog
9956,dog
9958,dog
9961,dog
9963,dog
9965,dog
9967,dog
9968,dog
9969,dog
9972,dog
9975,dog
9978,dog
9981,dog
9993,dog
9996,dog
